{"cameraMode":{"drawMode":0,"name":"Shaded","section":"Shading Mode"},"sceneLighting":true,"audioPlay":false,"sceneViewState":{"m_AlwaysRefresh":false,"showFog":true,"showSkybox":true,"showFlares":true,"showImageEffects":true,"showParticleSystems":true,"showVisualEffectGraphs":true,"m_FxEnabled":true},"in2DMode":false,"pivot":{"x":2.792064905166626,"y":-12.923161506652832,"z":-46.46833038330078},"rotation":{"x":0.004814876243472099,"y":0.9902061820030212,"z":-0.13481290638446809,"w":0.035816434770822528},"size":26.971284866333009,"orthographic":false}